"TIME","Vout"
0,0.00035536
4.232863018e-006,0.000355362
6.588748868e-006,0.000355399
8.005757188e-006,0.000355529
9.632148078e-006,0.000356066
1.158926144e-005,0.000358387
1.340020903e-005,0.000364394
1.52907889e-005,0.000379302
1.715580167e-005,0.000410565
1.924509924e-005,0.000481742
2.191088801e-005,0.000676491
2.512831479e-005,0.00119561
2.846164812e-005,0.00228096
3.179498146e-005,0.00421281
3.512831479e-005,0.00731273
3.846164812e-005,0.0118813
4.179498146e-005,0.0181345
4.512831479e-005,0.0261388
4.846164812e-005,0.0357567
5.179498146e-005,0.0466144
5.512831479e-005,0.0580997
5.846164812e-005,0.0693946
6.179498146e-005,0.0795396
6.512831479e-005,0.0875249
6.846164812e-005,0.0923947
7.179498146e-005,0.093353
7.512831479e-005,0.0898572
7.846164812e-005,0.081686
8.179498146e-005,0.0689757
8.512831479e-005,0.0522195
8.846164812e-005,0.0322316
9.179498146e-005,0.0100811
9.512831479e-005,-0.0129963
9.846164812e-005,-0.0356971
0.0001017949815,-0.0567503
0.0001051283148,-0.0750081
0.0001084616481,-0.0895198
0.0001117949815,-0.0995833
0.0001151283148,-0.104774
0.0001184616481,-0.104947
0.0001217949815,-0.100228
0.0001251283148,-0.090975
0.0001284616481,-0.0777436
0.0001317949815,-0.06124
0.0001351283148,-0.0422751
0.0001384616481,-0.0217221
0.0001417949815,-0.000478376
0.0001451283148,0.0205675
0.0001484616481,0.0405635
0.0001517949815,0.0587176
0.0001551283148,0.0743193
0.0001584616481,0.0867581
0.0001617949815,0.0955423
0.0001651283148,0.100315
0.0001684616481,0.100871
0.0001717949815,0.0971654
0.0001751283148,0.089325
0.0001784616481,0.0776479
0.0001817949815,0.0625986
0.0001851283148,0.0447944
0.0001884616481,0.0249835
0.0001917949815,0.00401506
0.0001951283148,-0.0171974
0.0001984616481,-0.037717
0.0002017949815,-0.0566281
0.0002051283148,-0.0730798
0.0002084616481,-0.0863275
0.0002117949815,-0.0957695
0.0002151283148,-0.100976
0.0002184616481,-0.101709
0.0002217949815,-0.0979347
0.0002251283148,-0.0898226
0.0002284616481,-0.0777374
0.0002317949815,-0.0622203
0.0002351283148,-0.0439637
0.0002384616481,-0.0237781
0.0002417949815,-0.00255586
0.0002451283148,0.0187696
0.0002484616481,0.0392645
0.0002517949815,0.058035
0.0002551283148,0.0742662
0.0002584616481,0.0872556
0.0002617949815,0.0964436
0.0002651283148,0.101436
0.0002684616481,0.10202
0.0002717949815,0.098175
0.0002751283148,0.0900694
0.0002784616481,0.0780569
0.0002817949815,0.0626595
0.0002851283148,0.044546
0.0002884616481,0.0245037
0.0002917949815,0.00340398
0.0002951283148,-0.0178343
0.0002984616481,-0.0382852
0.0003017949815,-0.0570556
0.0003051283148,-0.0733247
0.0003084616481,-0.0863797
0.0003117949815,-0.0956478
0.0003151283148,-0.100721
0.0003184616481,-0.101376
0.0003217949815,-0.097582
0.0003251283148,-0.0895032
0.0003284616481,-0.0774923
0.0003317949815,-0.0620745
0.0003351283148,-0.0439244
0.0003384616481,-0.0238365
0.0003417949815,-0.00269021
0.0003451283148,0.0185889
0.0003484616481,0.0390696
0.0003517949815,0.0578558
0.0003551283148,0.074126
0.0003584616481,0.0871693
0.0003617949815,0.0964161
0.0003651283148,0.101463
0.0003684616481,0.102091
0.0003717949815,0.098273
0.0003751283148,0.090177
0.0003784616481,0.0781574
0.0003817949815,0.0627395
0.0003851283148,0.0445969
0.0003884616481,0.0245221
0.0003917949815,0.0033918
0.0003951283148,-0.0178712
0.0003984616481,-0.0383382
0.0004017949815,-0.0571149
0.0004051283148,-0.0733809
0.0004084616481,-0.0864252
0.0004117949815,-0.0956776
0.0004151283148,-0.100733
0.0004184616481,-0.101371
0.0004217949815,-0.0975629
0.0004251283148,-0.0894746
0.0004284616481,-0.0774597
0.0004317949815,-0.0620431
0.0004351283148,-0.0438985
0.0004384616481,-0.0238191
0.0004417949815,-0.00268258
0.0004451283148,0.018587
0.0004484616481,0.0390597
0.0004517949815,0.0578404
0.0004551283148,0.0741081
0.0004584616481,0.0871518
0.0004617949815,0.0964014
0.0004651283148,0.101453
0.0004684616481,0.102086
0.0004717949815,0.0982736
0.0004751283148,0.0901821
0.0004784616481,0.0781656
0.0004817949815,0.0627493
0.0004851283148,0.0446067
0.0004884616481,0.0245305
0.0004917949815,0.00339768
0.0004951283148,-0.0178683
0.0004984616481,-0.0383382
0.0005017949815,-0.0571175
0.0005051283148,-0.0733853
0.0005084616481,-0.0864306
0.0005117949815,-0.095683
0.0005151283148,-0.100738
0.0005184616481,-0.101375
0.0005217949815,-0.0975646
0.0005251283148,-0.0894748
0.0005284616481,-0.0774584
0.0005317949815,-0.0620408
0.0005351283148,-0.0438956
0.0005384616481,-0.0238161
0.0005417949815,-0.00267993
0.0005451283148,0.0185889
0.0005484616481,0.0390608
0.0005517949815,0.0578406
0.0005551283148,0.0741075
0.0005584616481,0.0871505
0.0005617949815,0.0963998
0.0005651283148,0.101451
0.0005684616481,0.102085
0.0005717949815,0.0982724
0.0005751283148,0.0901815
0.0005784616481,0.0781655
0.0005817949815,0.0627496
0.0005851283148,0.0446074
0.0005884616481,0.0245313
0.0005917949815,0.00339861
0.0005951283148,-0.0178674
0.0005984616481,-0.0383376
0.0006017949815,-0.0571171
0.0006051283148,-0.0733852
0.0006084616481,-0.0864308
0.0006117949815,-0.0956834
0.0006151283148,-0.100739
0.0006184616481,-0.101375
0.0006217949815,-0.0975651
0.0006251283148,-0.0894751
0.0006284616481,-0.0774586
0.0006317949815,-0.0620408
0.0006351283148,-0.0438955
0.0006384616481,-0.0238159
0.0006417949815,-0.00267967
0.0006451283148,0.0185892
0.0006484616481,0.039061
0.0006517949815,0.0578408
0.0006551283148,0.0741076
0.0006584616481,0.0871506
0.0006617949815,0.0963998
0.0006651283148,0.101451
0.0006684616481,0.102085
0.0006717949815,0.0982723
0.0006751283148,0.0901813
0.0006784616481,0.0781654
0.0006817949815,0.0627495
0.0006851283148,0.0446073
0.0006884616481,0.0245313
0.0006917949815,0.00339866
0.0006951283148,-0.0178674
0.0006984616481,-0.0383375
0.0007017949815,-0.057117
0.0007051283148,-0.0733852
0.0007084616481,-0.0864307
0.0007117949815,-0.0956834
0.0007151283148,-0.100739
0.0007184616481,-0.101375
0.0007217949815,-0.0975652
0.0007251283148,-0.0894752
0.0007284616481,-0.0774587
0.0007317949815,-0.0620409
0.0007351283148,-0.0438956
0.0007384616481,-0.0238159
0.0007417949815,-0.00267967
0.0007451283148,0.0185892
0.0007484616481,0.039061
0.0007517949815,0.0578408
0.0007551283148,0.0741076
0.0007584616481,0.0871506
0.0007617949815,0.0963998
0.0007651283148,0.101451
0.0007684616481,0.102085
0.0007717949815,0.0982723
0.0007751283148,0.0901813
0.0007784616481,0.0781654
0.0007817949815,0.0627495
0.0007851283148,0.0446073
0.0007884616481,0.0245313
0.0007917949815,0.00339865
0.0007951283148,-0.0178674
0.0007984616481,-0.0383375
0.0008017949815,-0.057117
0.0008051283148,-0.0733852
0.0008084616481,-0.0864307
0.0008117949815,-0.0956834
0.0008151283148,-0.100739
0.0008184616481,-0.101375
0.0008217949815,-0.0975652
0.0008251283148,-0.0894752
0.0008284616481,-0.0774587
0.0008317949815,-0.0620409
0.0008351283148,-0.0438956
0.0008384616481,-0.0238159
0.0008417949815,-0.00267967
0.0008451283148,0.0185892
0.0008484616481,0.039061
0.0008517949815,0.0578408
0.0008551283148,0.0741076
0.0008584616481,0.0871506
0.0008617949815,0.0963998
0.0008651283148,0.101451
0.0008684616481,0.102085
0.0008717949815,0.0982723
0.0008751283148,0.0901813
0.0008784616481,0.0781654
0.0008817949815,0.0627495
0.0008851283148,0.0446073
0.0008884616481,0.0245313
0.0008917949815,0.00339865
0.0008951283148,-0.0178674
0.0008984616481,-0.0383375
0.0009017949815,-0.057117
0.0009051283148,-0.0733852
0.0009084616481,-0.0864307
0.0009117949815,-0.0956834
0.0009151283148,-0.100739
0.0009184616481,-0.101375
0.0009217949815,-0.0975652
0.0009251283148,-0.0894752
0.0009284616481,-0.0774587
0.0009317949815,-0.0620409
0.0009351283148,-0.0438956
0.0009384616481,-0.0238159
0.0009417949815,-0.00267967
0.0009451283148,0.0185892
0.0009484616481,0.039061
0.0009517949815,0.0578408
0.0009551283148,0.0741076
0.0009584616481,0.0871506
0.0009617949815,0.0963998
0.0009651283148,0.101451
0.0009684616481,0.102085
0.0009717949815,0.0982723
0.0009751283148,0.0901813
0.0009784616481,0.0781654
0.0009817949815,0.0627495
0.0009851283148,0.0446073
0.0009884616481,0.0245313
0.0009917949815,0.00339865
0.0009951283148,-0.0178674
0.0009984616481,-0.0383375
0.001001794981,-0.057117
0.001005128315,-0.0733852
0.001008461648,-0.0864307
0.001011794981,-0.0956834
0.001015128315,-0.100739
0.001018461648,-0.101375
0.001021794981,-0.0975652
0.001025128315,-0.0894752
0.001028461648,-0.0774587
0.001031794981,-0.0620409
0.001035128315,-0.0438956
0.001038461648,-0.0238159
0.001041794981,-0.00267967
0.001045128315,0.0185892
0.001048461648,0.039061
0.001051794981,0.0578408
0.001055128315,0.0741076
0.001058461648,0.0871506
0.001061794981,0.0963998
0.001065128315,0.101451
0.001068461648,0.102085
0.001071794981,0.0982723
0.001075128315,0.0901813
0.001078461648,0.0781654
0.001081794981,0.0627495
0.001085128315,0.0446073
0.001088461648,0.0245313
0.001091794981,0.00339865
0.001095128315,-0.0178674
0.001098461648,-0.0383375
0.001101794981,-0.057117
0.001105128315,-0.0733852
0.001108461648,-0.0864307
0.001111794981,-0.0956834
0.001115128315,-0.100739
0.001118461648,-0.101375
0.001121794981,-0.0975652
0.001125128315,-0.0894752
0.001128461648,-0.0774587
0.001131794981,-0.0620409
0.001135128315,-0.0438956
0.001138461648,-0.0238159
0.001141794981,-0.00267967
0.001145128315,0.0185892
0.001148461648,0.039061
0.001151794981,0.0578408
0.001155128315,0.0741076
0.001158461648,0.0871506
0.001161794981,0.0963998
0.001165128315,0.101451
0.001168461648,0.102085
0.001171794981,0.0982723
0.001175128315,0.0901813
0.001178461648,0.0781654
0.001181794981,0.0627495
0.001185128315,0.0446073
0.001188461648,0.0245313
0.001191794981,0.00339865
0.001195128315,-0.0178674
0.001198461648,-0.0383375
0.001201794981,-0.057117
0.001205128315,-0.0733852
0.001208461648,-0.0864307
0.001211794981,-0.0956834
0.001215128315,-0.100739
0.001218461648,-0.101375
0.001221794981,-0.0975652
0.001225128315,-0.0894752
0.001228461648,-0.0774587
0.001231794981,-0.0620409
0.001235128315,-0.0438956
0.001238461648,-0.0238159
0.001241794981,-0.00267967
0.001245128315,0.0185892
0.001248461648,0.039061
0.001251794981,0.0578408
0.001255128315,0.0741076
0.001258461648,0.0871506
0.001261794981,0.0963998
0.001265128315,0.101451
0.001268461648,0.102085
0.001271794981,0.0982723
0.001275128315,0.0901813
0.001278461648,0.0781654
0.001281794981,0.0627495
0.001285128315,0.0446073
0.001288461648,0.0245313
0.001291794981,0.00339865
0.001295128315,-0.0178674
0.001298461648,-0.0383375
0.001301794981,-0.057117
0.001305128315,-0.0733852
0.001308461648,-0.0864307
0.001311794981,-0.0956834
0.001315128315,-0.100739
0.001318461648,-0.101375
0.001321794981,-0.0975652
0.001325128315,-0.0894752
0.001328461648,-0.0774587
0.001331794981,-0.0620409
0.001335128315,-0.0438956
0.001338461648,-0.0238159
0.001341794981,-0.00267967
0.001345128315,0.0185892
0.001348461648,0.039061
0.001351794981,0.0578408
0.001355128315,0.0741076
0.001358461648,0.0871506
0.001361794981,0.0963998
0.001365128315,0.101451
0.001368461648,0.102085
0.001371794981,0.0982723
0.001375128315,0.0901813
0.001378461648,0.0781654
0.001381794981,0.0627495
0.001385128315,0.0446073
0.001388461648,0.0245313
0.001391794981,0.00339865
0.001395128315,-0.0178674
0.001398461648,-0.0383375
0.001401794981,-0.057117
0.001405128315,-0.0733852
0.001408461648,-0.0864307
0.001411794981,-0.0956834
0.001415128315,-0.100739
0.001418461648,-0.101375
0.001421794981,-0.0975652
0.001425128315,-0.0894752
0.001428461648,-0.0774587
0.001431794981,-0.0620409
0.001435128315,-0.0438956
0.001438461648,-0.0238159
0.001441794981,-0.00267967
0.001445128315,0.0185892
0.001448461648,0.039061
0.001451794981,0.0578408
0.001455128315,0.0741076
0.001458461648,0.0871506
0.001461794981,0.0963998
0.001465128315,0.101451
0.001468461648,0.102085
0.001471794981,0.0982723
0.001475128315,0.0901813
0.001478461648,0.0781654
0.001481794981,0.0627495
0.001485128315,0.0446073
0.001488461648,0.0245313
0.001491794981,0.00339865
0.001495128315,-0.0178674
0.001498461648,-0.0383375
0.001501794981,-0.057117
0.001505128315,-0.0733852
0.001508461648,-0.0864307
0.001511794981,-0.0956834
0.001515128315,-0.100739
0.001518461648,-0.101375
0.001521794981,-0.0975652
0.001525128315,-0.0894752
0.001528461648,-0.0774587
0.001531794981,-0.0620409
0.001535128315,-0.0438956
0.001538461648,-0.0238159
0.001541794981,-0.00267967
0.001545128315,0.0185892
0.001548461648,0.039061
0.001551794981,0.0578408
0.001555128315,0.0741076
0.001558461648,0.0871506
0.001561794981,0.0963998
0.001565128315,0.101451
0.001568461648,0.102085
0.001571794981,0.0982723
0.001575128315,0.0901813
0.001578461648,0.0781654
0.001581794981,0.0627495
0.001585128315,0.0446073
0.001588461648,0.0245313
0.001591794981,0.00339865
0.001595128315,-0.0178674
0.001598461648,-0.0383375
0.001601794981,-0.057117
0.001605128315,-0.0733852
0.001608461648,-0.0864307
0.001611794981,-0.0956834
0.001615128315,-0.100739
0.001618461648,-0.101375
0.001621794981,-0.0975652
0.001625128315,-0.0894752
0.001628461648,-0.0774587
0.001631794981,-0.0620409
0.001635128315,-0.0438956
0.001638461648,-0.0238159
0.001641794981,-0.00267967
0.001645128315,0.0185892
0.001648461648,0.039061
0.001651794981,0.0578408
0.001655128315,0.0741076
0.001658461648,0.0871506
0.001661794981,0.0963998
0.001665128315,0.101451
0.001668461648,0.102085
0.001671794981,0.0982723
0.001675128315,0.0901813
0.001678461648,0.0781654
0.001681794981,0.0627495
0.001685128315,0.0446073
0.001688461648,0.0245313
0.001691794981,0.00339865
0.001695128315,-0.0178674
0.001698461648,-0.0383375
0.001701794981,-0.057117
0.001705128315,-0.0733852
0.001708461648,-0.0864307
0.001711794981,-0.0956834
0.001715128315,-0.100739
0.001718461648,-0.101375
0.001721794981,-0.0975652
0.001725128315,-0.0894752
0.001728461648,-0.0774587
0.001731794981,-0.0620409
0.001735128315,-0.0438956
0.001738461648,-0.0238159
0.001741794981,-0.00267967
0.001745128315,0.0185892
0.001748461648,0.039061
0.001751794981,0.0578408
0.001755128315,0.0741076
0.001758461648,0.0871506
0.001761794981,0.0963998
0.001765128315,0.101451
0.001768461648,0.102085
0.001771794981,0.0982723
0.001775128315,0.0901813
0.001778461648,0.0781654
0.001781794981,0.0627495
0.001785128315,0.0446073
0.001788461648,0.0245313
0.001791794981,0.00339865
0.001795128315,-0.0178674
0.001798461648,-0.0383375
0.001801794981,-0.057117
0.001805128315,-0.0733852
0.001808461648,-0.0864307
0.001811794981,-0.0956834
0.001815128315,-0.100739
0.001818461648,-0.101375
0.001821794981,-0.0975652
0.001825128315,-0.0894752
0.001828461648,-0.0774587
0.001831794981,-0.0620409
0.001835128315,-0.0438956
0.001838461648,-0.0238159
0.001841794981,-0.00267967
0.001845128315,0.0185892
0.001848461648,0.039061
0.001851794981,0.0578408
0.001855128315,0.0741076
0.001858461648,0.0871506
0.001861794981,0.0963998
0.001865128315,0.101451
0.001868461648,0.102085
0.001871794981,0.0982723
0.001875128315,0.0901813
0.001878461648,0.0781654
0.001881794981,0.0627495
0.001885128315,0.0446073
0.001888461648,0.0245313
0.001891794981,0.00339865
0.001895128315,-0.0178674
0.001898461648,-0.0383375
0.001901794981,-0.057117
0.001905128315,-0.0733852
0.001908461648,-0.0864307
0.001911794981,-0.0956834
0.001915128315,-0.100739
0.001918461648,-0.101375
0.001921794981,-0.0975652
0.001925128315,-0.0894752
0.001928461648,-0.0774587
0.001931794981,-0.0620409
0.001935128315,-0.0438956
0.001938461648,-0.0238159
0.001941794981,-0.00267967
0.001945128315,0.0185892
0.001948461648,0.039061
0.001951794981,0.0578408
0.001955128315,0.0741076
0.001958461648,0.0871506
0.001961794981,0.0963998
0.001965128315,0.101451
0.001968461648,0.102085
0.001971794981,0.0982723
0.001975128315,0.0901813
0.001978461648,0.0781654
0.001981794981,0.0627495
0.001985128315,0.0446073
0.001988461648,0.0245313
0.001991794981,0.00339865
0.001995128315,-0.0178674
0.001998461648,-0.0383375
0.002001794981,-0.057117
0.002005128315,-0.0733852
0.002008461648,-0.0864307
0.002011794981,-0.0956834
0.002015128315,-0.100739
0.002018461648,-0.101375
0.002021794981,-0.0975652
0.002025128315,-0.0894752
0.002028461648,-0.0774587
0.002031794981,-0.0620409
0.002035128315,-0.0438956
0.002038461648,-0.0238159
0.002041794981,-0.00267967
0.002045128315,0.0185892
0.002048461648,0.039061
0.002051794981,0.0578408
0.002055128315,0.0741076
0.002058461648,0.0871506
0.002061794981,0.0963998
0.002065128315,0.101451
0.002068461648,0.102085
0.002071794981,0.0982723
0.002075128315,0.0901813
0.002078461648,0.0781654
0.002081794981,0.0627495
0.002085128315,0.0446073
0.002088461648,0.0245313
0.002091794981,0.00339865
0.002095128315,-0.0178674
0.002098461648,-0.0383375
0.002101794981,-0.057117
0.002105128315,-0.0733852
0.002108461648,-0.0864307
0.002111794981,-0.0956834
0.002115128315,-0.100739
0.002118461648,-0.101375
0.002121794981,-0.0975652
0.002125128315,-0.0894752
0.002128461648,-0.0774587
0.002131794981,-0.0620409
0.002135128315,-0.0438956
0.002138461648,-0.0238159
0.002141794981,-0.00267967
0.002145128315,0.0185892
0.002148461648,0.039061
0.002151794981,0.0578408
0.002155128315,0.0741076
0.002158461648,0.0871506
0.002161794981,0.0963998
0.002165128315,0.101451
0.002168461648,0.102085
0.002171794981,0.0982723
0.002175128315,0.0901813
0.002178461648,0.0781654
0.002181794981,0.0627495
0.002185128315,0.0446073
0.002188461648,0.0245313
0.002191794981,0.00339865
0.002195128315,-0.0178674
0.002198461648,-0.0383375
0.002201794981,-0.057117
0.002205128315,-0.0733852
0.002208461648,-0.0864307
0.002211794981,-0.0956834
0.002215128315,-0.100739
0.002218461648,-0.101375
0.002221794981,-0.0975652
0.002225128315,-0.0894752
0.002228461648,-0.0774587
0.002231794981,-0.0620409
0.002235128315,-0.0438956
0.002238461648,-0.0238159
0.002241794981,-0.00267967
0.002245128315,0.0185892
0.002248461648,0.039061
0.002251794981,0.0578408
0.002255128315,0.0741076
0.002258461648,0.0871506
0.002261794981,0.0963998
0.002265128315,0.101451
0.002268461648,0.102085
0.002271794981,0.0982723
0.002275128315,0.0901813
0.002278461648,0.0781654
0.002281794981,0.0627495
0.002285128315,0.0446073
0.002288461648,0.0245313
0.002291794981,0.00339865
0.002295128315,-0.0178674
0.002298461648,-0.0383375
0.002301794981,-0.057117
0.002305128315,-0.0733852
0.002308461648,-0.0864307
0.002311794981,-0.0956834
0.002315128315,-0.100739
0.002318461648,-0.101375
0.002321794981,-0.0975652
0.002325128315,-0.0894752
0.002328461648,-0.0774587
0.002331794981,-0.0620409
0.002335128315,-0.0438956
0.002338461648,-0.0238159
0.002341794981,-0.00267967
0.002345128315,0.0185892
0.002348461648,0.039061
0.002351794981,0.0578408
0.002355128315,0.0741076
0.002358461648,0.0871506
0.002361794981,0.0963998
0.002365128315,0.101451
0.002368461648,0.102085
0.002371794981,0.0982723
0.002375128315,0.0901813
0.002378461648,0.0781654
0.002381794981,0.0627495
0.002385128315,0.0446073
0.002388461648,0.0245313
0.002391794981,0.00339865
0.002395128315,-0.0178674
0.002398461648,-0.0383375
0.002401794981,-0.057117
0.002405128315,-0.0733852
0.002408461648,-0.0864307
0.002411794981,-0.0956834
0.002415128315,-0.100739
0.002418461648,-0.101375
0.002421794981,-0.0975652
0.002425128315,-0.0894752
0.002428461648,-0.0774587
0.002431794981,-0.0620409
0.002435128315,-0.0438956
0.002438461648,-0.0238159
0.002441794981,-0.00267967
0.002445128315,0.0185892
0.002448461648,0.039061
0.002451794981,0.0578408
0.002455128315,0.0741076
0.002458461648,0.0871506
0.002461794981,0.0963998
0.002465128315,0.101451
0.002468461648,0.102085
0.002471794981,0.0982723
0.002475128315,0.0901813
0.002478461648,0.0781654
0.002481794981,0.0627495
0.002485128315,0.0446073
0.002488461648,0.0245313
0.002491794981,0.00339865
0.002495128315,-0.0178674
0.002498461648,-0.0383375
0.002501794981,-0.057117
0.002505128315,-0.0733852
0.002508461648,-0.0864307
0.002511794981,-0.0956834
0.002515128315,-0.100739
0.002518461648,-0.101375
0.002521794981,-0.0975652
0.002525128315,-0.0894752
0.002528461648,-0.0774587
0.002531794981,-0.0620409
0.002535128315,-0.0438956
0.002538461648,-0.0238159
0.002541794981,-0.00267967
0.002545128315,0.0185892
0.002548461648,0.039061
0.002551794981,0.0578408
0.002555128315,0.0741076
0.002558461648,0.0871506
0.002561794981,0.0963998
0.002565128315,0.101451
0.002568461648,0.102085
0.002571794981,0.0982723
0.002575128315,0.0901813
0.002578461648,0.0781654
0.002581794981,0.0627495
0.002585128315,0.0446073
0.002588461648,0.0245313
0.002591794981,0.00339865
0.002595128315,-0.0178674
0.002598461648,-0.0383375
0.002601794981,-0.057117
0.002605128315,-0.0733852
0.002608461648,-0.0864307
0.002611794981,-0.0956834
0.002615128315,-0.100739
0.002618461648,-0.101375
0.002621794981,-0.0975652
0.002625128315,-0.0894752
0.002628461648,-0.0774587
0.002631794981,-0.0620409
0.002635128315,-0.0438956
0.002638461648,-0.0238159
0.002641794981,-0.00267967
0.002645128315,0.0185892
0.002648461648,0.039061
0.002651794981,0.0578408
0.002655128315,0.0741076
0.002658461648,0.0871506
0.002661794981,0.0963998
0.002665128315,0.101451
0.002668461648,0.102085
0.002671794981,0.0982723
0.002675128315,0.0901813
0.002678461648,0.0781654
0.002681794981,0.0627495
0.002685128315,0.0446073
0.002688461648,0.0245313
0.002691794981,0.00339865
0.002695128315,-0.0178674
0.002698461648,-0.0383375
0.002701794981,-0.057117
0.002705128315,-0.0733852
0.002708461648,-0.0864307
0.002711794981,-0.0956834
0.002715128315,-0.100739
0.002718461648,-0.101375
0.002721794981,-0.0975652
0.002725128315,-0.0894752
0.002728461648,-0.0774587
0.002731794981,-0.0620409
0.002735128315,-0.0438956
0.002738461648,-0.0238159
0.002741794981,-0.00267967
0.002745128315,0.0185892
0.002748461648,0.039061
0.002751794981,0.0578408
0.002755128315,0.0741076
0.002758461648,0.0871506
0.002761794981,0.0963998
0.002765128315,0.101451
0.002768461648,0.102085
0.002771794981,0.0982723
0.002775128315,0.0901813
0.002778461648,0.0781654
0.002781794981,0.0627495
0.002785128315,0.0446073
0.002788461648,0.0245313
0.002791794981,0.00339865
0.002795128315,-0.0178674
0.002798461648,-0.0383375
0.002801794981,-0.057117
0.002805128315,-0.0733852
0.002808461648,-0.0864307
0.002811794981,-0.0956834
0.002815128315,-0.100739
0.002818461648,-0.101375
0.002821794981,-0.0975652
0.002825128315,-0.0894752
0.002828461648,-0.0774587
0.002831794981,-0.0620409
0.002835128315,-0.0438956
0.002838461648,-0.0238159
0.002841794981,-0.00267967
0.002845128315,0.0185892
0.002848461648,0.039061
0.002851794981,0.0578408
0.002855128315,0.0741076
0.002858461648,0.0871506
0.002861794981,0.0963998
0.002865128315,0.101451
0.002868461648,0.102085
0.002871794981,0.0982723
0.002875128315,0.0901813
0.002878461648,0.0781654
0.002881794981,0.0627495
0.002885128315,0.0446073
0.002888461648,0.0245313
0.002891794981,0.00339865
0.002895128315,-0.0178674
0.002898461648,-0.0383375
0.002901794981,-0.057117
0.002905128315,-0.0733852
0.002908461648,-0.0864307
0.002911794981,-0.0956834
0.002915128315,-0.100739
0.002918461648,-0.101375
0.002921794981,-0.0975652
0.002925128315,-0.0894752
0.002928461648,-0.0774587
0.002931794981,-0.0620409
0.002935128315,-0.0438956
0.002938461648,-0.0238159
0.002941794981,-0.00267967
0.002945128315,0.0185892
0.002948461648,0.039061
0.002951794981,0.0578408
0.002955128315,0.0741076
0.002958461648,0.0871506
0.002961794981,0.0963998
0.002965128315,0.101451
0.002968461648,0.102085
0.002971794981,0.0982723
0.002975128315,0.0901813
0.002978461648,0.0781654
0.002981794981,0.0627495
0.002985128315,0.0446073
0.002988461648,0.0245313
0.002991794981,0.00339865
0.002995128315,-0.0178674
0.002998461648,-0.0383375
0.003001794981,-0.057117
0.003005128315,-0.0733852
0.003008461648,-0.0864307
0.003011794981,-0.0956834
0.003015128315,-0.100739
0.003018461648,-0.101375
0.003021794981,-0.0975652
0.003025128315,-0.0894752
0.003028461648,-0.0774587
0.003031794981,-0.0620409
0.003035128315,-0.0438956
0.003038461648,-0.0238159
0.003041794981,-0.00267967
0.003045128315,0.0185892
0.003048461648,0.039061
0.003051794981,0.0578408
0.003055128315,0.0741076
0.003058461648,0.0871506
0.003061794981,0.0963998
0.003065128315,0.101451
0.003068461648,0.102085
0.003071794981,0.0982723
0.003075128315,0.0901813
0.003078461648,0.0781654
0.003081794981,0.0627495
0.003085128315,0.0446073
0.003088461648,0.0245313
0.003091794981,0.00339865
0.003095128315,-0.0178674
0.003098461648,-0.0383375
0.003101794981,-0.057117
0.003105128315,-0.0733852
0.003108461648,-0.0864307
0.003111794981,-0.0956834
0.003115128315,-0.100739
0.003118461648,-0.101375
0.003121794981,-0.0975652
0.003125128315,-0.0894752
0.003128461648,-0.0774587
0.003131794981,-0.0620409
0.003135128315,-0.0438956
0.003138461648,-0.0238159
0.003141794981,-0.00267967
0.003145128315,0.0185892
0.003148461648,0.039061
0.003151794981,0.0578408
0.003155128315,0.0741076
0.003158461648,0.0871506
0.003161794981,0.0963998
0.003165128315,0.101451
0.003168461648,0.102085
0.003171794981,0.0982723
0.003175128315,0.0901813
0.003178461648,0.0781654
0.003181794981,0.0627495
0.003185128315,0.0446073
0.003188461648,0.0245313
0.003191794981,0.00339865
0.003195128315,-0.0178674
0.003198461648,-0.0383375
0.003201794981,-0.057117
0.003205128315,-0.0733852
0.003208461648,-0.0864307
0.003211794981,-0.0956834
0.003215128315,-0.100739
0.003218461648,-0.101375
0.003221794981,-0.0975652
0.003225128315,-0.0894752
0.003228461648,-0.0774587
0.003231794981,-0.0620409
0.003235128315,-0.0438956
0.003238461648,-0.0238159
0.003241794981,-0.00267967
0.003245128315,0.0185892
0.003248461648,0.039061
0.003251794981,0.0578408
0.003255128315,0.0741076
0.003258461648,0.0871506
0.003261794981,0.0963998
0.003265128315,0.101451
0.003268461648,0.102085
0.003271794981,0.0982723
0.003275128315,0.0901813
0.003278461648,0.0781654
0.003281794981,0.0627495
0.003285128315,0.0446073
0.003288461648,0.0245313
0.003291794981,0.00339865
0.003295128315,-0.0178674
0.003298461648,-0.0383375
0.003301794981,-0.057117
0.003305128315,-0.0733852
0.003308461648,-0.0864307
0.003311794981,-0.0956834
0.003315128315,-0.100739
0.003318461648,-0.101375
0.003321794981,-0.0975652
0.003325128315,-0.0894752
0.003328461648,-0.0774587
0.003331794981,-0.0620409
0.003335128315,-0.0438956
0.003338461648,-0.0238159
0.003341794981,-0.00267967
0.003345128315,0.0185892
0.003348461648,0.039061
0.003351794981,0.0578408
0.003355128315,0.0741076
0.003358461648,0.0871506
0.003361794981,0.0963998
0.003365128315,0.101451
0.003368461648,0.102085
0.003371794981,0.0982723
0.003375128315,0.0901813
0.003378461648,0.0781654
0.003381794981,0.0627495
0.003385128315,0.0446073
0.003388461648,0.0245313
0.003391794981,0.00339865
0.003395128315,-0.0178674
0.003398461648,-0.0383375
0.003401794981,-0.057117
0.003405128315,-0.0733852
0.003408461648,-0.0864307
0.003411794981,-0.0956834
0.003415128315,-0.100739
0.003418461648,-0.101375
0.003421794981,-0.0975652
0.003425128315,-0.0894752
0.003428461648,-0.0774587
0.003431794981,-0.0620409
0.003435128315,-0.0438956
0.003438461648,-0.0238159
0.003441794981,-0.00267967
0.003445128315,0.0185892
0.003448461648,0.039061
0.003451794981,0.0578408
0.003455128315,0.0741076
0.003458461648,0.0871506
0.003461794981,0.0963998
0.003465128315,0.101451
0.003468461648,0.102085
0.003471794981,0.0982723
0.003475128315,0.0901813
0.003478461648,0.0781654
0.003481794981,0.0627495
0.003485128315,0.0446073
0.003488461648,0.0245313
0.003491794981,0.00339865
0.003495128315,-0.0178674
0.003498461648,-0.0383375
0.003501794981,-0.057117
0.003505128315,-0.0733852
0.003508461648,-0.0864307
0.003511794981,-0.0956834
0.003515128315,-0.100739
0.003518461648,-0.101375
0.003521794981,-0.0975652
0.003525128315,-0.0894752
0.003528461648,-0.0774587
0.003531794981,-0.0620409
0.003535128315,-0.0438956
0.003538461648,-0.0238159
0.003541794981,-0.00267967
0.003545128315,0.0185892
0.003548461648,0.039061
0.003551794981,0.0578408
0.003555128315,0.0741076
0.003558461648,0.0871506
0.003561794981,0.0963998
0.003565128315,0.101451
0.003568461648,0.102085
0.003571794981,0.0982723
0.003575128315,0.0901813
0.003578461648,0.0781654
0.003581794981,0.0627495
0.003585128315,0.0446073
0.003588461648,0.0245313
0.003591794981,0.00339865
0.003595128315,-0.0178674
0.003598461648,-0.0383375
0.003601794981,-0.057117
0.003605128315,-0.0733852
0.003608461648,-0.0864307
0.003611794981,-0.0956834
0.003615128315,-0.100739
0.003618461648,-0.101375
0.003621794981,-0.0975652
0.003625128315,-0.0894752
0.003628461648,-0.0774587
0.003631794981,-0.0620409
0.003635128315,-0.0438956
0.003638461648,-0.0238159
0.003641794981,-0.00267967
0.003645128315,0.0185892
0.003648461648,0.039061
0.003651794981,0.0578408
0.003655128315,0.0741076
0.003658461648,0.0871506
0.003661794981,0.0963998
0.003665128315,0.101451
0.003668461648,0.102085
0.003671794981,0.0982723
0.003675128315,0.0901813
0.003678461648,0.0781654
0.003681794981,0.0627495
0.003685128315,0.0446073
0.003688461648,0.0245313
0.003691794981,0.00339865
0.003695128315,-0.0178674
0.003698461648,-0.0383375
0.003701794981,-0.057117
0.003705128315,-0.0733852
0.003708461648,-0.0864307
0.003711794981,-0.0956834
0.003715128315,-0.100739
0.003718461648,-0.101375
0.003721794981,-0.0975652
0.003725128315,-0.0894752
0.003728461648,-0.0774587
0.003731794981,-0.0620409
0.003735128315,-0.0438956
0.003738461648,-0.0238159
0.003741794981,-0.00267967
0.003745128315,0.0185892
0.003748461648,0.039061
0.003751794981,0.0578408
0.003755128315,0.0741076
0.003758461648,0.0871506
0.003761794981,0.0963998
0.003765128315,0.101451
0.003768461648,0.102085
0.003771794981,0.0982723
0.003775128315,0.0901813
0.003778461648,0.0781654
0.003781794981,0.0627495
0.003785128315,0.0446073
0.003788461648,0.0245313
0.003791794981,0.00339865
0.003795128315,-0.0178674
0.003798461648,-0.0383375
0.003801794981,-0.057117
0.003805128315,-0.0733852
0.003808461648,-0.0864307
0.003811794981,-0.0956834
0.003815128315,-0.100739
0.003818461648,-0.101375
0.003821794981,-0.0975652
0.003825128315,-0.0894752
0.003828461648,-0.0774587
0.003831794981,-0.0620409
0.003835128315,-0.0438956
0.003838461648,-0.0238159
0.003841794981,-0.00267967
0.003845128315,0.0185892
0.003848461648,0.039061
0.003851794981,0.0578408
0.003855128315,0.0741076
0.003858461648,0.0871506
0.003861794981,0.0963998
0.003865128315,0.101451
0.003868461648,0.102085
0.003871794981,0.0982723
0.003875128315,0.0901813
0.003878461648,0.0781654
0.003881794981,0.0627495
0.003885128315,0.0446073
0.003888461648,0.0245313
0.003891794981,0.00339865
0.003895128315,-0.0178674
0.003898461648,-0.0383375
0.003901794981,-0.057117
0.003905128315,-0.0733852
0.003908461648,-0.0864307
0.003911794981,-0.0956834
0.003915128315,-0.100739
0.003918461648,-0.101375
0.003921794981,-0.0975652
0.003925128315,-0.0894752
0.003928461648,-0.0774587
0.003931794981,-0.0620409
0.003935128315,-0.0438956
0.003938461648,-0.0238159
0.003941794981,-0.00267967
0.003945128315,0.0185892
0.003948461648,0.039061
0.003951794981,0.0578408
0.003955128315,0.0741076
0.003958461648,0.0871506
0.003961794981,0.0963998
0.003965128315,0.101451
0.003968461648,0.102085
0.003971794981,0.0982723
0.003975128315,0.0901813
0.003978461648,0.0781654
0.003981794981,0.0627495
0.003985128315,0.0446073
0.003988461648,0.0245313
0.003991794981,0.00339865
0.003995128315,-0.0178674
0.003998461648,-0.0383375
0.004001794981,-0.057117
0.004005128315,-0.0733852
0.004008461648,-0.0864307
0.004011794981,-0.0956834
0.004015128315,-0.100739
0.004018461648,-0.101375
0.004021794981,-0.0975652
0.004025128315,-0.0894752
0.004028461648,-0.0774587
0.004031794981,-0.0620409
0.004035128315,-0.0438956
0.004038461648,-0.0238159
0.004041794981,-0.00267967
0.004045128315,0.0185892
0.004048461648,0.039061
0.004051794981,0.0578408
0.004055128315,0.0741076
0.004058461648,0.0871506
0.004061794981,0.0963998
0.004065128315,0.101451
0.004068461648,0.102085
0.004071794981,0.0982723
0.004075128315,0.0901813
0.004078461648,0.0781654
0.004081794981,0.0627495
0.004085128315,0.0446073
0.004088461648,0.0245313
0.004091794981,0.00339865
0.004095128315,-0.0178674
0.004098461648,-0.0383375
0.004101794981,-0.057117
0.004105128315,-0.0733852
0.004108461648,-0.0864307
0.004111794981,-0.0956834
0.004115128315,-0.100739
0.004118461648,-0.101375
0.004121794981,-0.0975652
0.004125128315,-0.0894752
0.004128461648,-0.0774587
0.004131794981,-0.0620409
0.004135128315,-0.0438956
0.004138461648,-0.0238159
0.004141794981,-0.00267967
0.004145128315,0.0185892
0.004148461648,0.039061
0.004151794981,0.0578408
0.004155128315,0.0741076
0.004158461648,0.0871506
0.004161794981,0.0963998
0.004165128315,0.101451
0.004168461648,0.102085
0.004171794981,0.0982723
0.004175128315,0.0901813
0.004178461648,0.0781654
0.004181794981,0.0627495
0.004185128315,0.0446073
0.004188461648,0.0245313
0.004191794981,0.00339865
0.004195128315,-0.0178674
0.004198461648,-0.0383375
0.004201794981,-0.057117
0.004205128315,-0.0733852
0.004208461648,-0.0864307
0.004211794981,-0.0956834
0.004215128315,-0.100739
0.004218461648,-0.101375
0.004221794981,-0.0975652
0.004225128315,-0.0894752
0.004228461648,-0.0774587
0.004231794981,-0.0620409
0.004235128315,-0.0438956
0.004238461648,-0.0238159
0.004241794981,-0.00267967
0.004245128315,0.0185892
0.004248461648,0.039061
0.004251794981,0.0578408
0.004255128315,0.0741076
0.004258461648,0.0871506
0.004261794981,0.0963998
0.004265128315,0.101451
0.004268461648,0.102085
0.004271794981,0.0982723
0.004275128315,0.0901813
0.004278461648,0.0781654
0.004281794981,0.0627495
0.004285128315,0.0446073
0.004288461648,0.0245313
0.004291794981,0.00339865
0.004295128315,-0.0178674
0.004298461648,-0.0383375
0.004301794981,-0.057117
0.004305128315,-0.0733852
0.004308461648,-0.0864307
0.004311794981,-0.0956834
0.004315128315,-0.100739
0.004318461648,-0.101375
0.004321794981,-0.0975652
0.004325128315,-0.0894752
0.004328461648,-0.0774587
0.004331794981,-0.0620409
0.004335128315,-0.0438956
0.004338461648,-0.0238159
0.004341794981,-0.00267967
0.004345128315,0.0185892
0.004348461648,0.039061
0.004351794981,0.0578408
0.004355128315,0.0741076
0.004358461648,0.0871506
0.004361794981,0.0963998
0.004365128315,0.101451
0.004368461648,0.102085
0.004371794981,0.0982723
0.004375128315,0.0901813
0.004378461648,0.0781654
0.004381794981,0.0627495
0.004385128315,0.0446073
0.004388461648,0.0245313
0.004391794981,0.00339865
0.004395128315,-0.0178674
0.004398461648,-0.0383375
0.004401794981,-0.057117
0.004405128315,-0.0733852
0.004408461648,-0.0864307
0.004411794981,-0.0956834
0.004415128315,-0.100739
0.004418461648,-0.101375
0.004421794981,-0.0975652
0.004425128315,-0.0894752
0.004428461648,-0.0774587
0.004431794981,-0.0620409
0.004435128315,-0.0438956
0.004438461648,-0.0238159
0.004441794981,-0.00267967
0.004445128315,0.0185892
0.004448461648,0.039061
0.004451794981,0.0578408
0.004455128315,0.0741076
0.004458461648,0.0871506
0.004461794981,0.0963998
0.004465128315,0.101451
0.004468461648,0.102085
0.004471794981,0.0982723
0.004475128315,0.0901813
0.004478461648,0.0781654
0.004481794981,0.0627495
0.004485128315,0.0446073
0.004488461648,0.0245313
0.004491794981,0.00339865
0.004495128315,-0.0178674
0.004498461648,-0.0383375
0.004501794981,-0.057117
0.004505128315,-0.0733852
0.004508461648,-0.0864307
0.004511794981,-0.0956834
0.004515128315,-0.100739
0.004518461648,-0.101375
0.004521794981,-0.0975652
0.004525128315,-0.0894752
0.004528461648,-0.0774587
0.004531794981,-0.0620409
0.004535128315,-0.0438956
0.004538461648,-0.0238159
0.004541794981,-0.00267967
0.004545128315,0.0185892
0.004548461648,0.039061
0.004551794981,0.0578408
0.004555128315,0.0741076
0.004558461648,0.0871506
0.004561794981,0.0963998
0.004565128315,0.101451
0.004568461648,0.102085
0.004571794981,0.0982723
0.004575128315,0.0901813
0.004578461648,0.0781654
0.004581794981,0.0627495
0.004585128315,0.0446073
0.004588461648,0.0245313
0.004591794981,0.00339865
0.004595128315,-0.0178674
0.004598461648,-0.0383375
0.004601794981,-0.057117
0.004605128315,-0.0733852
0.004608461648,-0.0864307
0.004611794981,-0.0956834
0.004615128315,-0.100739
0.004618461648,-0.101375
0.004621794981,-0.0975652
0.004625128315,-0.0894752
0.004628461648,-0.0774587
0.004631794981,-0.0620409
0.004635128315,-0.0438956
0.004638461648,-0.0238159
0.004641794981,-0.00267967
0.004645128315,0.0185892
0.004648461648,0.039061
0.004651794981,0.0578408
0.004655128315,0.0741076
0.004658461648,0.0871506
0.004661794981,0.0963998
0.004665128315,0.101451
0.004668461648,0.102085
0.004671794981,0.0982723
0.004675128315,0.0901813
0.004678461648,0.0781654
0.004681794981,0.0627495
0.004685128315,0.0446073
0.004688461648,0.0245313
0.004691794981,0.00339865
0.004695128315,-0.0178674
0.004698461648,-0.0383375
0.004701794981,-0.057117
0.004705128315,-0.0733852
0.004708461648,-0.0864307
0.004711794981,-0.0956834
0.004715128315,-0.100739
0.004718461648,-0.101375
0.004721794981,-0.0975652
0.004725128315,-0.0894752
0.004728461648,-0.0774587
0.004731794981,-0.0620409
0.004735128315,-0.0438956
0.004738461648,-0.0238159
0.004741794981,-0.00267967
0.004745128315,0.0185892
0.004748461648,0.039061
0.004751794981,0.0578408
0.004755128315,0.0741076
0.004758461648,0.0871506
0.004761794981,0.0963998
0.004765128315,0.101451
0.004768461648,0.102085
0.004771794981,0.0982723
0.004775128315,0.0901813
0.004778461648,0.0781654
0.004781794981,0.0627495
0.004785128315,0.0446073
0.004788461648,0.0245313
0.004791794981,0.00339865
0.004795128315,-0.0178674
0.004798461648,-0.0383375
0.004801794981,-0.057117
0.004805128315,-0.0733852
0.004808461648,-0.0864307
0.004811794981,-0.0956834
0.004815128315,-0.100739
0.004818461648,-0.101375
0.004821794981,-0.0975652
0.004825128315,-0.0894752
0.004828461648,-0.0774587
0.004831794981,-0.0620409
0.004835128315,-0.0438956
0.004838461648,-0.0238159
0.004841794981,-0.00267967
0.004845128315,0.0185892
0.004848461648,0.039061
0.004851794981,0.0578408
0.004855128315,0.0741076
0.004858461648,0.0871506
0.004861794981,0.0963998
0.004865128315,0.101451
0.004868461648,0.102085
0.004871794981,0.0982723
0.004875128315,0.0901813
0.004878461648,0.0781654
0.004881794981,0.0627495
0.004885128315,0.0446073
0.004888461648,0.0245313
0.004891794981,0.00339865
0.004895128315,-0.0178674
0.004898461648,-0.0383375
0.004901794981,-0.057117
0.004905128315,-0.0733852
0.004908461648,-0.0864307
0.004911794981,-0.0956834
0.004915128315,-0.100739
0.004918461648,-0.101375
0.004921794981,-0.0975652
0.004925128315,-0.0894752
0.004928461648,-0.0774587
0.004931794981,-0.0620409
0.004935128315,-0.0438956
0.004938461648,-0.0238159
0.004941794981,-0.00267967
0.004945128315,0.0185892
0.004948461648,0.039061
0.004951794981,0.0578408
0.004955128315,0.0741076
0.004958461648,0.0871506
0.004961794981,0.0963998
0.004965128315,0.101451
0.004968461648,0.102085
0.004971794981,0.0982723
0.004975128315,0.0901813
0.004978461648,0.0781654
0.004981794981,0.0627495
0.004985128315,0.0446073
0.004988461648,0.0245313
0.004991794981,0.00339865
0.004995128315,-0.0178674
0.004998461648,-0.0383375
0.005001794981,-0.057117
0.005005128315,-0.0733852
0.005008461648,-0.0864307
0.005011794981,-0.0956834
0.005015128315,-0.100739
0.005018461648,-0.101375
0.005021794981,-0.0975652
0.005025128315,-0.0894752
0.005028461648,-0.0774587
0.005031794981,-0.0620409
0.005035128315,-0.0438956
0.005038461648,-0.0238159
0.005041794981,-0.00267967
0.005045128315,0.0185892
0.005048461648,0.039061
0.005051794981,0.0578408
0.005055128315,0.0741076
0.005058461648,0.0871506
0.005061794981,0.0963998
0.005065128315,0.101451
0.005068461648,0.102085
0.005071794981,0.0982723
0.005075128315,0.0901813
0.005078461648,0.0781654
0.005081794981,0.0627495
0.005085128315,0.0446073
0.005088461648,0.0245313
0.005091794981,0.00339865
0.005095128315,-0.0178674
0.005098461648,-0.0383375
0.005101794981,-0.057117
0.005105128315,-0.0733852
0.005108461648,-0.0864307
0.005111794981,-0.0956834
0.005115128315,-0.100739
0.005118461648,-0.101375
0.005121794981,-0.0975652
0.005125128315,-0.0894752
0.005128461648,-0.0774587
0.005131794981,-0.0620409
0.005135128315,-0.0438956
0.005138461648,-0.0238159
0.005141794981,-0.00267967
0.005145128315,0.0185892
0.005148461648,0.039061
0.005151794981,0.0578408
0.005155128315,0.0741076
0.005158461648,0.0871506
0.005161794981,0.0963998
0.005165128315,0.101451
0.005168461648,0.102085
0.005171794981,0.0982723
0.005175128315,0.0901813
0.005178461648,0.0781654
0.005181794981,0.0627495
0.005185128315,0.0446073
0.005188461648,0.0245313
0.005191794981,0.00339865
0.005195128315,-0.0178674
0.005198461648,-0.0383375
0.005201794981,-0.057117
0.005205128315,-0.0733852
0.005208461648,-0.0864307
0.005211794981,-0.0956834
0.005215128315,-0.100739
0.005218461648,-0.101375
0.005221794981,-0.0975652
0.005225128315,-0.0894752
0.005228461648,-0.0774587
0.005231794981,-0.0620409
0.005235128315,-0.0438956
0.005238461648,-0.0238159
0.005241794981,-0.00267967
0.005245128315,0.0185892
0.005248461648,0.039061
0.005251794981,0.0578408
0.005255128315,0.0741076
0.005258461648,0.0871506
0.005261794981,0.0963998
0.005265128315,0.101451
0.005268461648,0.102085
0.005271794981,0.0982723
0.005275128315,0.0901813
0.005278461648,0.0781654
0.005281794981,0.0627495
0.005285128315,0.0446073
0.005288461648,0.0245313
0.005291794981,0.00339865
0.005295128315,-0.0178674
0.005298461648,-0.0383375
0.005301794981,-0.057117
0.005305128315,-0.0733852
0.005308461648,-0.0864307
0.005311794981,-0.0956834
0.005315128315,-0.100739
0.005318461648,-0.101375
0.005321794981,-0.0975652
0.005325128315,-0.0894752
0.005328461648,-0.0774587
0.005331794981,-0.0620409
0.005335128315,-0.0438956
0.005338461648,-0.0238159
0.005341794981,-0.00267967
0.005345128315,0.0185892
0.005348461648,0.039061
0.005351794981,0.0578408
0.005355128315,0.0741076
0.005358461648,0.0871506
0.005361794981,0.0963998
0.005365128315,0.101451
0.005368461648,0.102085
0.005371794981,0.0982723
0.005375128315,0.0901813
0.005378461648,0.0781654
0.005381794981,0.0627495
0.005385128315,0.0446073
0.005388461648,0.0245313
0.005391794981,0.00339865
0.005395128315,-0.0178674
0.005398461648,-0.0383375
0.005401794981,-0.057117
0.005405128315,-0.0733852
0.005408461648,-0.0864307
0.005411794981,-0.0956834
0.005415128315,-0.100739
0.005418461648,-0.101375
0.005421794981,-0.0975652
0.005425128315,-0.0894752
0.005428461648,-0.0774587
0.005431794981,-0.0620409
0.005435128315,-0.0438956
0.005438461648,-0.0238159
0.005441794981,-0.00267967
0.005445128315,0.0185892
0.005448461648,0.039061
0.005451794981,0.0578408
0.005455128315,0.0741076
0.005458461648,0.0871506
0.005461794981,0.0963998
0.005465128315,0.101451
0.005468461648,0.102085
0.005471794981,0.0982723
0.005475128315,0.0901813
0.005478461648,0.0781654
0.005481794981,0.0627495
0.005485128315,0.0446073
0.005488461648,0.0245313
0.005491794981,0.00339865
0.005495128315,-0.0178674
0.005498461648,-0.0383375
0.005501794981,-0.057117
0.005505128315,-0.0733852
0.005508461648,-0.0864307
0.005511794981,-0.0956834
0.005515128315,-0.100739
0.005518461648,-0.101375
0.005521794981,-0.0975652
0.005525128315,-0.0894752
0.005528461648,-0.0774587
0.005531794981,-0.0620409
0.005535128315,-0.0438956
0.005538461648,-0.0238159
0.005541794981,-0.00267967
0.005545128315,0.0185892
0.005548461648,0.039061
0.005551794981,0.0578408
0.005555128315,0.0741076
0.005558461648,0.0871506
0.005561794981,0.0963998
0.005565128315,0.101451
0.005568461648,0.102085
0.005571794981,0.0982723
0.005575128315,0.0901813
0.005578461648,0.0781654
0.005581794981,0.0627495
0.005585128315,0.0446073
0.005588461648,0.0245313
0.005591794981,0.00339865
0.005595128315,-0.0178674
0.005598461648,-0.0383375
0.005601794981,-0.057117
0.005605128315,-0.0733852
0.005608461648,-0.0864307
0.005611794981,-0.0956834
0.005615128315,-0.100739
0.005618461648,-0.101375
0.005621794981,-0.0975652
0.005625128315,-0.0894752
0.005628461648,-0.0774587
0.005631794981,-0.0620409
0.005635128315,-0.0438956
0.005638461648,-0.0238159
0.005641794981,-0.00267967
0.005645128315,0.0185892
0.005648461648,0.039061
0.005651794981,0.0578408
0.005655128315,0.0741076
0.005658461648,0.0871506
0.005661794981,0.0963998
0.005665128315,0.101451
0.005668461648,0.102085
0.005671794981,0.0982723
0.005675128315,0.0901813
0.005678461648,0.0781654
0.005681794981,0.0627495
0.005685128315,0.0446073
0.005688461648,0.0245313
0.005691794981,0.00339865
0.005695128315,-0.0178674
0.005698461648,-0.0383375
0.005701794981,-0.057117
0.005705128315,-0.0733852
0.005708461648,-0.0864307
0.005711794981,-0.0956834
0.005715128315,-0.100739
0.005718461648,-0.101375
0.005721794981,-0.0975652
0.005725128315,-0.0894752
0.005728461648,-0.0774587
0.005731794981,-0.0620409
0.005735128315,-0.0438956
0.005738461648,-0.0238159
0.005741794981,-0.00267967
0.005745128315,0.0185892
0.005748461648,0.039061
0.005751794981,0.0578408
0.005755128315,0.0741076
0.005758461648,0.0871506
0.005761794981,0.0963998
0.005765128315,0.101451
0.005768461648,0.102085
0.005771794981,0.0982723
0.005775128315,0.0901813
0.005778461648,0.0781654
0.005781794981,0.0627495
0.005785128315,0.0446073
0.005788461648,0.0245313
0.005791794981,0.00339865
0.005795128315,-0.0178674
0.005798461648,-0.0383375
0.005801794981,-0.057117
0.005805128315,-0.0733852
0.005808461648,-0.0864307
0.005811794981,-0.0956834
0.005815128315,-0.100739
0.005818461648,-0.101375
0.005821794981,-0.0975652
0.005825128315,-0.0894752
0.005828461648,-0.0774587
0.005831794981,-0.0620409
0.005835128315,-0.0438956
0.005838461648,-0.0238159
0.005841794981,-0.00267967
0.005845128315,0.0185892
0.005848461648,0.039061
0.005851794981,0.0578408
0.005855128315,0.0741076
0.005858461648,0.0871506
0.005861794981,0.0963998
0.005865128315,0.101451
0.005868461648,0.102085
0.005871794981,0.0982723
0.005875128315,0.0901813
0.005878461648,0.0781654
0.005881794981,0.0627495
0.005885128315,0.0446073
0.005888461648,0.0245313
0.005891794981,0.00339865
0.005895128315,-0.0178674
0.005898461648,-0.0383375
0.005901794981,-0.057117
0.005905128315,-0.0733852
0.005908461648,-0.0864307
0.005911794981,-0.0956834
0.005915128315,-0.100739
0.005918461648,-0.101375
0.005921794981,-0.0975652
0.005925128315,-0.0894752
0.005928461648,-0.0774587
0.005931794981,-0.0620409
0.005935128315,-0.0438956
0.005938461648,-0.0238159
0.005941794981,-0.00267967
0.005945128315,0.0185892
0.005948461648,0.039061
0.005951794981,0.0578408
0.005955128315,0.0741076
0.005958461648,0.0871506
0.005961794981,0.0963998
0.005965128315,0.101451
0.005968461648,0.102085
0.005971794981,0.0982723
0.005975128315,0.0901813
0.005978461648,0.0781654
0.005981794981,0.0627495
0.005985128315,0.0446073
0.005988461648,0.0245313
0.005991794981,0.00339865
0.005995128315,-0.0178674
0.005998461648,-0.0383375
0.006001794981,-0.057117
0.006005128315,-0.0733852
0.006008461648,-0.0864307
0.006011794981,-0.0956834
0.006015128315,-0.100739
0.006018461648,-0.101375
0.006021794981,-0.0975652
0.006025128315,-0.0894752
0.006028461648,-0.0774587
0.006031794981,-0.0620409
0.006035128315,-0.0438956
0.006038461648,-0.0238159
0.006041794981,-0.00267967
0.006045128315,0.0185892
0.006048461648,0.039061
0.006051794981,0.0578408
0.006055128315,0.0741076
0.006058461648,0.0871506
0.006061794981,0.0963998
0.006065128315,0.101451
0.006068461648,0.102085
0.006071794981,0.0982723
0.006075128315,0.0901813
0.006078461648,0.0781654
0.006081794981,0.0627495
0.006085128315,0.0446073
0.006088461648,0.0245313
0.006091794981,0.00339865
0.006095128315,-0.0178674
0.006098461648,-0.0383375
0.006101794981,-0.057117
0.006105128315,-0.0733852
0.006108461648,-0.0864307
0.006111794981,-0.0956834
0.006115128315,-0.100739
0.006118461648,-0.101375
0.006121794981,-0.0975652
0.006125128315,-0.0894752
0.006128461648,-0.0774587
0.006131794981,-0.0620409
0.006135128315,-0.0438956
0.006138461648,-0.0238159
0.006141794981,-0.00267967
0.006145128315,0.0185892
0.006148461648,0.039061
0.006151794981,0.0578408
0.006155128315,0.0741076
0.006158461648,0.0871506
0.006161794981,0.0963998
0.006165128315,0.101451
0.006168461648,0.102085
0.006171794981,0.0982723
0.006175128315,0.0901813
0.006178461648,0.0781654
0.006181794981,0.0627495
0.006185128315,0.0446073
0.006188461648,0.0245313
0.006191794981,0.00339865
0.006195128315,-0.0178674
0.006198461648,-0.0383375
0.006201794981,-0.057117
0.006205128315,-0.0733852
0.006208461648,-0.0864307
0.006211794981,-0.0956834
0.006215128315,-0.100739
0.006218461648,-0.101375
0.006221794981,-0.0975652
0.006225128315,-0.0894752
0.006228461648,-0.0774587
0.006231794981,-0.0620409
0.006235128315,-0.0438956
0.006238461648,-0.0238159
0.006241794981,-0.00267967
0.006245128315,0.0185892
0.006248461648,0.039061
0.006251794981,0.0578408
0.006255128315,0.0741076
0.006258461648,0.0871506
0.006261794981,0.0963998
0.006265128315,0.101451
0.006268461648,0.102085
0.006271794981,0.0982723
0.006275128315,0.0901813
0.006278461648,0.0781654
0.006281794981,0.0627495
0.006285128315,0.0446073
0.006288461648,0.0245313
0.006291794981,0.00339865
0.006295128315,-0.0178674
0.006298461648,-0.0383375
0.006301794981,-0.057117
0.006305128315,-0.0733852
0.006308461648,-0.0864307
0.006311794981,-0.0956834
0.006315128315,-0.100739
0.006318461648,-0.101375
0.006321794981,-0.0975652
0.006325128315,-0.0894752
0.006328461648,-0.0774587
0.006331794981,-0.0620409
0.006335128315,-0.0438956
0.006338461648,-0.0238159
0.006341794981,-0.00267967
0.006345128315,0.0185892
0.006348461648,0.039061
0.006351794981,0.0578408
0.006355128315,0.0741076
0.006358461648,0.0871506
0.006361794981,0.0963998
0.006365128315,0.101451
0.006368461648,0.102085
0.006371794981,0.0982723
0.006375128315,0.0901813
0.006378461648,0.0781654
0.006381794981,0.0627495
0.006385128315,0.0446073
0.006388461648,0.0245313
0.006391794981,0.00339865
0.006395128315,-0.0178674
0.006398461648,-0.0383375
0.006401794981,-0.057117
0.006405128315,-0.0733852
0.006408461648,-0.0864307
0.006411794981,-0.0956834
0.006415128315,-0.100739
0.006418461648,-0.101375
0.006421794981,-0.0975652
0.006425128315,-0.0894752
0.006428461648,-0.0774587
0.006431794981,-0.0620409
0.006435128315,-0.0438956
0.006438461648,-0.0238159
0.006441794981,-0.00267967
0.006445128315,0.0185892
0.006448461648,0.039061
0.006451794981,0.0578408
0.006455128315,0.0741076
0.006458461648,0.0871506
0.006461794981,0.0963998
0.006465128315,0.101451
0.006468461648,0.102085
0.006471794981,0.0982723
0.006475128315,0.0901813
0.006478461648,0.0781654
0.006481794981,0.0627495
0.006485128315,0.0446073
0.006488461648,0.0245313
0.006491794981,0.00339865
0.006495128315,-0.0178674
0.006498461648,-0.0383375
0.006501794981,-0.057117
0.006505128315,-0.0733852
0.006508461648,-0.0864307
0.006511794981,-0.0956834
0.006515128315,-0.100739
0.006518461648,-0.101375
0.006521794981,-0.0975652
0.006525128315,-0.0894752
0.006528461648,-0.0774587
0.006531794981,-0.0620409
0.006535128315,-0.0438956
0.006538461648,-0.0238159
0.006541794981,-0.00267967
0.006545128315,0.0185892
0.006548461648,0.039061
0.006551794981,0.0578408
0.006555128315,0.0741076
0.006558461648,0.0871506
0.006561794981,0.0963998
0.006565128315,0.101451
0.006568461648,0.102085
0.006571794981,0.0982723
0.006575128315,0.0901813
0.006578461648,0.0781654
0.006581794981,0.0627495
0.006585128315,0.0446073
0.006588461648,0.0245313
0.006591794981,0.00339865
0.006595128315,-0.0178674
0.006598461648,-0.0383375
0.006601794981,-0.057117
0.006605128315,-0.0733852
0.006608461648,-0.0864307
0.006611794981,-0.0956834
0.006615128315,-0.100739
0.006618461648,-0.101375
0.006621794981,-0.0975652
0.006625128315,-0.0894752
0.006628461648,-0.0774587
0.006631794981,-0.0620409
0.006635128315,-0.0438956
0.006638461648,-0.0238159
0.006641794981,-0.00267967
0.006645128315,0.0185892
0.006648461648,0.039061
0.006651794981,0.0578408
0.006655128315,0.0741076
0.006658461648,0.0871506
0.006661794981,0.0963998
0.006665128315,0.101451
0.006668461648,0.102085
0.006671794981,0.0982723
0.006675128315,0.0901813
0.006678461648,0.0781654
0.006681794981,0.0627495
0.006685128315,0.0446073
0.006688461648,0.0245313
0.006691794981,0.00339865
0.006695128315,-0.0178674
0.006698461648,-0.0383375
0.006701794981,-0.057117
0.006705128315,-0.0733852
0.006708461648,-0.0864307
0.006711794981,-0.0956834
0.006715128315,-0.100739
0.006718461648,-0.101375
0.006721794981,-0.0975652
0.006725128315,-0.0894752
0.006728461648,-0.0774587
0.006731794981,-0.0620409
0.006735128315,-0.0438956
0.006738461648,-0.0238159
0.006741794981,-0.00267967
0.006745128315,0.0185892
0.006748461648,0.039061
0.006751794981,0.0578408
0.006755128315,0.0741076
0.006758461648,0.0871506
0.006761794981,0.0963998
0.006765128315,0.101451
0.006768461648,0.102085
0.006771794981,0.0982723
0.006775128315,0.0901813
0.006778461648,0.0781654
0.006781794981,0.0627495
0.006785128315,0.0446073
0.006788461648,0.0245313
0.006791794981,0.00339865
0.006795128315,-0.0178674
0.006798461648,-0.0383375
0.006801794981,-0.057117
0.006805128315,-0.0733852
0.006808461648,-0.0864307
0.006811794981,-0.0956834
0.006815128315,-0.100739
0.006818461648,-0.101375
0.006821794981,-0.0975652
0.006825128315,-0.0894752
0.006828461648,-0.0774587
0.006831794981,-0.0620409
0.006835128315,-0.0438956
0.006838461648,-0.0238159
0.006841794981,-0.00267967
0.006845128315,0.0185892
0.006848461648,0.039061
0.006851794981,0.0578408
0.006855128315,0.0741076
0.006858461648,0.0871506
0.006861794981,0.0963998
0.006865128315,0.101451
0.006868461648,0.102085
0.006871794981,0.0982723
0.006875128315,0.0901813
0.006878461648,0.0781654
0.006881794981,0.0627495
0.006885128315,0.0446073
0.006888461648,0.0245313
0.006891794981,0.00339865
0.006895128315,-0.0178674
0.006898461648,-0.0383375
0.006901794981,-0.057117
0.006905128315,-0.0733852
0.006908461648,-0.0864307
0.006911794981,-0.0956834
0.006915128315,-0.100739
0.006918461648,-0.101375
0.006921794981,-0.0975652
0.006925128315,-0.0894752
0.006928461648,-0.0774587
0.006931794981,-0.0620409
0.006935128315,-0.0438956
0.006938461648,-0.0238159
0.006941794981,-0.00267967
0.006945128315,0.0185892
0.006948461648,0.039061
0.006951794981,0.0578408
0.006955128315,0.0741076
0.006958461648,0.0871506
0.006961794981,0.0963998
0.006965128315,0.101451
0.006968461648,0.102085
0.006971794981,0.0982723
0.006975128315,0.0901813
0.006978461648,0.0781654
0.006981794981,0.0627495
0.006985128315,0.0446073
0.006988461648,0.0245313
0.006991794981,0.00339865
0.006995128315,-0.0178674
0.006998461648,-0.0383375
0.007001794981,-0.057117
0.007005128315,-0.0733852
0.007008461648,-0.0864307
0.007011794981,-0.0956834
0.007015128315,-0.100739
0.007018461648,-0.101375
0.007021794981,-0.0975652
0.007025128315,-0.0894752
0.007028461648,-0.0774587
0.007031794981,-0.0620409
0.007035128315,-0.0438956
0.007038461648,-0.0238159
0.007041794981,-0.00267967
0.007045128315,0.0185892
0.007048461648,0.039061
0.007051794981,0.0578408
0.007055128315,0.0741076
0.007058461648,0.0871506
0.007061794981,0.0963998
0.007065128315,0.101451
0.007068461648,0.102085
0.007071794981,0.0982723
0.007075128315,0.0901813
0.007078461648,0.0781654
0.007081794981,0.0627495
0.007085128315,0.0446073
0.007088461648,0.0245313
0.007091794981,0.00339865
0.007095128315,-0.0178674
0.007098461648,-0.0383375
0.007101794981,-0.057117
0.007105128315,-0.0733852
0.007108461648,-0.0864307
0.007111794981,-0.0956834
0.007115128315,-0.100739
0.007118461648,-0.101375
0.007121794981,-0.0975652
0.007125128315,-0.0894752
0.007128461648,-0.0774587
0.007131794981,-0.0620409
0.007135128315,-0.0438956
0.007138461648,-0.0238159
0.007141794981,-0.00267967
0.007145128315,0.0185892
0.007148461648,0.039061
0.007151794981,0.0578408
0.007155128315,0.0741076
0.007158461648,0.0871506
0.007161794981,0.0963998
0.007165128315,0.101451
0.007168461648,0.102085
0.007171794981,0.0982723
0.007175128315,0.0901813
0.007178461648,0.0781654
0.007181794981,0.0627495
0.007185128315,0.0446073
0.007188461648,0.0245313
0.007191794981,0.00339865
0.007195128315,-0.0178674
0.007198461648,-0.0383375
0.007201794981,-0.057117
0.007205128315,-0.0733852
0.007208461648,-0.0864307
0.007211794981,-0.0956834
0.007215128315,-0.100739
0.007218461648,-0.101375
0.007221794981,-0.0975652
0.007225128315,-0.0894752
0.007228461648,-0.0774587
0.007231794981,-0.0620409
0.007235128315,-0.0438956
0.007238461648,-0.0238159
0.007241794981,-0.00267967
0.007245128315,0.0185892
0.007248461648,0.039061
0.007251794981,0.0578408
0.007255128315,0.0741076
0.007258461648,0.0871506
0.007261794981,0.0963998
0.007265128315,0.101451
0.007268461648,0.102085
0.007271794981,0.0982723
0.007275128315,0.0901813
0.007278461648,0.0781654
0.007281794981,0.0627495
0.007285128315,0.0446073
0.007288461648,0.0245313
0.007291794981,0.00339865
0.007295128315,-0.0178674
0.007298461648,-0.0383375
0.007301794981,-0.057117
0.007305128315,-0.0733852
0.007308461648,-0.0864307
0.007311794981,-0.0956834
0.007315128315,-0.100739
0.007318461648,-0.101375
0.007321794981,-0.0975652
0.007325128315,-0.0894752
0.007328461648,-0.0774587
0.007331794981,-0.0620409
0.007335128315,-0.0438956
0.007338461648,-0.0238159
0.007341794981,-0.00267967
0.007345128315,0.0185892
0.007348461648,0.039061
0.007351794981,0.0578408
0.007355128315,0.0741076
0.007358461648,0.0871506
0.007361794981,0.0963998
0.007365128315,0.101451
0.007368461648,0.102085
0.007371794981,0.0982723
0.007375128315,0.0901813
0.007378461648,0.0781654
0.007381794981,0.0627495
0.007385128315,0.0446073
0.007388461648,0.0245313
0.007391794981,0.00339865
0.007395128315,-0.0178674
0.007398461648,-0.0383375
0.007401794981,-0.057117
0.007405128315,-0.0733852
0.007408461648,-0.0864307
0.007411794981,-0.0956834
0.007415128315,-0.100739
0.007418461648,-0.101375
0.007421794981,-0.0975652
0.007425128315,-0.0894752
0.007428461648,-0.0774587
0.007431794981,-0.0620409
0.007435128315,-0.0438956
0.007438461648,-0.0238159
0.007441794981,-0.00267967
0.007445128315,0.0185892
0.007448461648,0.039061
0.007451794981,0.0578408
0.007455128315,0.0741076
0.007458461648,0.0871506
0.007461794981,0.0963998
0.007465128315,0.101451
0.007468461648,0.102085
0.007471794981,0.0982723
0.007475128315,0.0901813
0.007478461648,0.0781654
0.007481794981,0.0627495
0.007485128315,0.0446073
0.007488461648,0.0245313
0.007491794981,0.00339865
0.007495128315,-0.0178674
0.007498461648,-0.0383375
0.007501794981,-0.057117
0.007505128315,-0.0733852
0.007508461648,-0.0864307
0.007511794981,-0.0956834
0.007515128315,-0.100739
0.007518461648,-0.101375
0.007521794981,-0.0975652
0.007525128315,-0.0894752
0.007528461648,-0.0774587
0.007531794981,-0.0620409
0.007535128315,-0.0438956
0.007538461648,-0.0238159
0.007541794981,-0.00267967
0.007545128315,0.0185892
0.007548461648,0.039061
0.007551794981,0.0578408
0.007555128315,0.0741076
0.007558461648,0.0871506
0.007561794981,0.0963998
0.007565128315,0.101451
0.007568461648,0.102085
0.007571794981,0.0982723
0.007575128315,0.0901813
0.007578461648,0.0781654
0.007581794981,0.0627495
0.007585128315,0.0446073
0.007588461648,0.0245313
0.007591794981,0.00339865
0.007595128315,-0.0178674
0.007598461648,-0.0383375
0.007601794981,-0.057117
0.007605128315,-0.0733852
0.007608461648,-0.0864307
0.007611794981,-0.0956834
0.007615128315,-0.100739
0.007618461648,-0.101375
0.007621794981,-0.0975652
0.007625128315,-0.0894752
0.007628461648,-0.0774587
0.007631794981,-0.0620409
0.007635128315,-0.0438956
0.007638461648,-0.0238159
0.007641794981,-0.00267967
0.007645128315,0.0185892
0.007648461648,0.039061
0.007651794981,0.0578408
0.007655128315,0.0741076
0.007658461648,0.0871506
0.007661794981,0.0963998
0.007665128315,0.101451
0.007668461648,0.102085
0.007671794981,0.0982723
0.007675128315,0.0901813
0.007678461648,0.0781654
0.007681794981,0.0627495
0.007685128315,0.0446073
0.007688461648,0.0245313
0.007691794981,0.00339865
0.007695128315,-0.0178674
0.007698461648,-0.0383375
0.007701794981,-0.057117
0.007705128315,-0.0733852
0.007708461648,-0.0864307
0.007711794981,-0.0956834
0.007715128315,-0.100739
0.007718461648,-0.101375
0.007721794981,-0.0975652
0.007725128315,-0.0894752
0.007728461648,-0.0774587
0.007731794981,-0.0620409
0.007735128315,-0.0438956
0.007738461648,-0.0238159
0.007741794981,-0.00267967
0.007745128315,0.0185892
0.007748461648,0.039061
0.007751794981,0.0578408
0.007755128315,0.0741076
0.007758461648,0.0871506
0.007761794981,0.0963998
0.007765128315,0.101451
0.007768461648,0.102085
0.007771794981,0.0982723
0.007775128315,0.0901813
0.007778461648,0.0781654
0.007781794981,0.0627495
0.007785128315,0.0446073
0.007788461648,0.0245313
0.007791794981,0.00339865
0.007795128315,-0.0178674
0.007798461648,-0.0383375
0.007801794981,-0.057117
0.007805128315,-0.0733852
0.007808461648,-0.0864307
0.007811794981,-0.0956834
0.007815128315,-0.100739
0.007818461648,-0.101375
0.007821794981,-0.0975652
0.007825128315,-0.0894752
0.007828461648,-0.0774587
0.007831794981,-0.0620409
0.007835128315,-0.0438956
0.007838461648,-0.0238159
0.007841794981,-0.00267967
0.007845128315,0.0185892
0.007848461648,0.039061
0.007851794981,0.0578408
0.007855128315,0.0741076
0.007858461648,0.0871506
0.007861794981,0.0963998
0.007865128315,0.101451
0.007868461648,0.102085
0.007871794981,0.0982723
0.007875128315,0.0901813
0.007878461648,0.0781654
0.007881794981,0.0627495
0.007885128315,0.0446073
0.007888461648,0.0245313
0.007891794981,0.00339865
0.007895128315,-0.0178674
0.007898461648,-0.0383375
0.007901794981,-0.057117
0.007905128315,-0.0733852
0.007908461648,-0.0864307
0.007911794981,-0.0956834
0.007915128315,-0.100739
0.007918461648,-0.101375
0.007921794981,-0.0975652
0.007925128315,-0.0894752
0.007928461648,-0.0774587
0.007931794981,-0.0620409
0.007935128315,-0.0438956
0.007938461648,-0.0238159
0.007941794981,-0.00267967
0.007945128315,0.0185892
0.007948461648,0.039061
0.007951794981,0.0578408
0.007955128315,0.0741076
0.007958461648,0.0871506
0.007961794981,0.0963998
0.007965128315,0.101451
0.007968461648,0.102085
0.007971794981,0.0982723
0.007975128315,0.0901813
0.007978461648,0.0781654
0.007981794981,0.0627495
0.007985128315,0.0446073
0.007988461648,0.0245313
0.007991794981,0.00339865
0.007995128315,-0.0178674
0.007998461648,-0.0383375
0.008001794981,-0.057117
0.008005128315,-0.0733852
0.008008461648,-0.0864307
0.008011794981,-0.0956834
0.008015128315,-0.100739
0.008018461648,-0.101375
0.008021794981,-0.0975652
0.008025128315,-0.0894752
0.008028461648,-0.0774587
0.008031794981,-0.0620409
0.008035128315,-0.0438956
0.008038461648,-0.0238159
0.008041794981,-0.00267967
0.008045128315,0.0185892
0.008048461648,0.039061
0.008051794981,0.0578408
0.008055128315,0.0741076
0.008058461648,0.0871506
0.008061794981,0.0963998
0.008065128315,0.101451
0.008068461648,0.102085
0.008071794981,0.0982723
0.008075128315,0.0901813
0.008078461648,0.0781654
0.008081794981,0.0627495
0.008085128315,0.0446073
0.008088461648,0.0245313
0.008091794981,0.00339865
0.008095128315,-0.0178674
0.008098461648,-0.0383375
0.008101794981,-0.057117
0.008105128315,-0.0733852
0.008108461648,-0.0864307
0.008111794981,-0.0956834
0.008115128315,-0.100739
0.008118461648,-0.101375
0.008121794981,-0.0975652
0.008125128315,-0.0894752
0.008128461648,-0.0774587
0.008131794981,-0.0620409
0.008135128315,-0.0438956
0.008138461648,-0.0238159
0.008141794981,-0.00267967
0.008145128315,0.0185892
0.008148461648,0.039061
0.008151794981,0.0578408
0.008155128315,0.0741076
0.008158461648,0.0871506
0.008161794981,0.0963998
0.008165128315,0.101451
0.008168461648,0.102085
0.008171794981,0.0982723
0.008175128315,0.0901813
0.008178461648,0.0781654
0.008181794981,0.0627495
0.008185128315,0.0446073
0.008188461648,0.0245313
0.008191794981,0.00339865
0.008195128315,-0.0178674
0.008198461648,-0.0383375
0.008201794981,-0.057117
0.008205128315,-0.0733852
0.008208461648,-0.0864307
0.008211794981,-0.0956834
0.008215128315,-0.100739
0.008218461648,-0.101375
0.008221794981,-0.0975652
0.008225128315,-0.0894752
0.008228461648,-0.0774587
0.008231794981,-0.0620409
0.008235128315,-0.0438956
0.008238461648,-0.0238159
0.008241794981,-0.00267967
0.008245128315,0.0185892
0.008248461648,0.039061
0.008251794981,0.0578408
0.008255128315,0.0741076
0.008258461648,0.0871506
0.008261794981,0.0963998
0.008265128315,0.101451
0.008268461648,0.102085
0.008271794981,0.0982723
0.008275128315,0.0901813
0.008278461648,0.0781654
0.008281794981,0.0627495
0.008285128315,0.0446073
0.008288461648,0.0245313
0.008291794981,0.00339865
0.008295128315,-0.0178674
0.008298461648,-0.0383375
0.008301794981,-0.057117
0.008305128315,-0.0733852
0.008308461648,-0.0864307
0.008311794981,-0.0956834
0.008315128315,-0.100739
0.008318461648,-0.101375
0.008321794981,-0.0975652
0.008325128315,-0.0894752
0.008328461648,-0.0774587
0.008331794981,-0.0620409
0.008335128315,-0.0438956
0.008338461648,-0.0238159
0.008341794981,-0.00267967
0.008345128315,0.0185892
0.008348461648,0.039061
0.008351794981,0.0578408
0.008355128315,0.0741076
0.008358461648,0.0871506
0.008361794981,0.0963998
0.008365128315,0.101451
0.008368461648,0.102085
0.008371794981,0.0982723
0.008375128315,0.0901813
0.008378461648,0.0781654
0.008381794981,0.0627495
0.008385128315,0.0446073
0.008388461648,0.0245313
0.008391794981,0.00339865
0.008395128315,-0.0178674
0.008398461648,-0.0383375
0.008401794981,-0.057117
0.008405128315,-0.0733852
0.008408461648,-0.0864307
0.008411794981,-0.0956834
0.008415128315,-0.100739
0.008418461648,-0.101375
0.008421794981,-0.0975652
0.008425128315,-0.0894752
0.008428461648,-0.0774587
0.008431794981,-0.0620409
0.008435128315,-0.0438956
0.008438461648,-0.0238159
0.008441794981,-0.00267967
0.008445128315,0.0185892
0.008448461648,0.039061
0.008451794981,0.0578408
0.008455128315,0.0741076
0.008458461648,0.0871506
0.008461794981,0.0963998
0.008465128315,0.101451
0.008468461648,0.102085
0.008471794981,0.0982723
0.008475128315,0.0901813
0.008478461648,0.0781654
0.008481794981,0.0627495
0.008485128315,0.0446073
0.008488461648,0.0245313
0.008491794981,0.00339865
0.008495128315,-0.0178674
0.008498461648,-0.0383375
0.008501794981,-0.057117
0.008505128315,-0.0733852
0.008508461648,-0.0864307
0.008511794981,-0.0956834
0.008515128315,-0.100739
0.008518461648,-0.101375
0.008521794981,-0.0975652
0.008525128315,-0.0894752
0.008528461648,-0.0774587
0.008531794981,-0.0620409
0.008535128315,-0.0438956
0.008538461648,-0.0238159
0.008541794981,-0.00267967
0.008545128315,0.0185892
0.008548461648,0.039061
0.008551794981,0.0578408
0.008555128315,0.0741076
0.008558461648,0.0871506
0.008561794981,0.0963998
0.008565128315,0.101451
0.008568461648,0.102085
0.008571794981,0.0982723
0.008575128315,0.0901813
0.008578461648,0.0781654
0.008581794981,0.0627495
0.008585128315,0.0446073
0.008588461648,0.0245313
0.008591794981,0.00339865
0.008595128315,-0.0178674
0.008598461648,-0.0383375
0.008601794981,-0.057117
0.008605128315,-0.0733852
0.008608461648,-0.0864307
0.008611794981,-0.0956834
0.008615128315,-0.100739
0.008618461648,-0.101375
0.008621794981,-0.0975652
0.008625128315,-0.0894752
0.008628461648,-0.0774587
0.008631794981,-0.0620409
0.008635128315,-0.0438956
0.008638461648,-0.0238159
0.008641794981,-0.00267967
0.008645128315,0.0185892
0.008648461648,0.039061
0.008651794981,0.0578408
0.008655128315,0.0741076
0.008658461648,0.0871506
0.008661794981,0.0963998
0.008665128315,0.101451
0.008668461648,0.102085
0.008671794981,0.0982723
0.008675128315,0.0901813
0.008678461648,0.0781654
0.008681794981,0.0627495
0.008685128315,0.0446073
0.008688461648,0.0245313
0.008691794981,0.00339865
0.008695128315,-0.0178674
0.008698461648,-0.0383375
0.008701794981,-0.057117
0.008705128315,-0.0733852
0.008708461648,-0.0864307
0.008711794981,-0.0956834
0.008715128315,-0.100739
0.008718461648,-0.101375
0.008721794981,-0.0975652
0.008725128315,-0.0894752
0.008728461648,-0.0774587
0.008731794981,-0.0620409
0.008735128315,-0.0438956
0.008738461648,-0.0238159
0.008741794981,-0.00267967
0.008745128315,0.0185892
0.008748461648,0.039061
0.008751794981,0.0578408
0.008755128315,0.0741076
0.008758461648,0.0871506
0.008761794981,0.0963998
0.008765128315,0.101451
0.008768461648,0.102085
0.008771794981,0.0982723
0.008775128315,0.0901813
0.008778461648,0.0781654
0.008781794981,0.0627495
0.008785128315,0.0446073
0.008788461648,0.0245313
0.008791794981,0.00339865
0.008795128315,-0.0178674
0.008798461648,-0.0383375
0.008801794981,-0.057117
0.008805128315,-0.0733852
0.008808461648,-0.0864307
0.008811794981,-0.0956834
0.008815128315,-0.100739
0.008818461648,-0.101375
0.008821794981,-0.0975652
0.008825128315,-0.0894752
0.008828461648,-0.0774587
0.008831794981,-0.0620409
0.008835128315,-0.0438956
0.008838461648,-0.0238159
0.008841794981,-0.00267967
0.008845128315,0.0185892
0.008848461648,0.039061
0.008851794981,0.0578408
0.008855128315,0.0741076
0.008858461648,0.0871506
0.008861794981,0.0963998
0.008865128315,0.101451
0.008868461648,0.102085
0.008871794981,0.0982723
0.008875128315,0.0901813
0.008878461648,0.0781654
0.008881794981,0.0627495
0.008885128315,0.0446073
0.008888461648,0.0245313
0.008891794981,0.00339865
0.008895128315,-0.0178674
0.008898461648,-0.0383375
0.008901794981,-0.057117
0.008905128315,-0.0733852
0.008908461648,-0.0864307
0.008911794981,-0.0956834
0.008915128315,-0.100739
0.008918461648,-0.101375
0.008921794981,-0.0975652
0.008925128315,-0.0894752
0.008928461648,-0.0774587
0.008931794981,-0.0620409
0.008935128315,-0.0438956
0.008938461648,-0.0238159
0.008941794981,-0.00267967
0.008945128315,0.0185892
0.008948461648,0.039061
0.008951794981,0.0578408
0.008955128315,0.0741076
0.008958461648,0.0871506
0.008961794981,0.0963998
0.008965128315,0.101451
0.008968461648,0.102085
0.008971794981,0.0982723
0.008975128315,0.0901813
0.008978461648,0.0781654
0.008981794981,0.0627495
0.008985128315,0.0446073
0.008988461648,0.0245313
0.008991794981,0.00339865
0.008995128315,-0.0178674
0.008998461648,-0.0383375
0.009001794981,-0.057117
0.009005128315,-0.0733852
0.009008461648,-0.0864307
0.009011794981,-0.0956834
0.009015128315,-0.100739
0.009018461648,-0.101375
0.009021794981,-0.0975652
0.009025128315,-0.0894752
0.009028461648,-0.0774587
0.009031794981,-0.0620409
0.009035128315,-0.0438956
0.009038461648,-0.0238159
0.009041794981,-0.00267967
0.009045128315,0.0185892
0.009048461648,0.039061
0.009051794981,0.0578408
0.009055128315,0.0741076
0.009058461648,0.0871506
0.009061794981,0.0963998
0.009065128315,0.101451
0.009068461648,0.102085
0.009071794981,0.0982723
0.009075128315,0.0901813
0.009078461648,0.0781654
0.009081794981,0.0627495
0.009085128315,0.0446073
0.009088461648,0.0245313
0.009091794981,0.00339865
0.009095128315,-0.0178674
0.009098461648,-0.0383375
0.009101794981,-0.057117
0.009105128315,-0.0733852
0.009108461648,-0.0864307
0.009111794981,-0.0956834
0.009115128315,-0.100739
0.009118461648,-0.101375
0.009121794981,-0.0975652
0.009125128315,-0.0894752
0.009128461648,-0.0774587
0.009131794981,-0.0620409
0.009135128315,-0.0438956
0.009138461648,-0.0238159
0.009141794981,-0.00267967
0.009145128315,0.0185892
0.009148461648,0.039061
0.009151794981,0.0578408
0.009155128315,0.0741076
0.009158461648,0.0871506
0.009161794981,0.0963998
0.009165128315,0.101451
0.009168461648,0.102085
0.009171794981,0.0982723
0.009175128315,0.0901813
0.009178461648,0.0781654
0.009181794981,0.0627495
0.009185128315,0.0446073
0.009188461648,0.0245313
0.009191794981,0.00339865
0.009195128315,-0.0178674
0.009198461648,-0.0383375
0.009201794981,-0.057117
0.009205128315,-0.0733852
0.009208461648,-0.0864307
0.009211794981,-0.0956834
0.009215128315,-0.100739
0.009218461648,-0.101375
0.009221794981,-0.0975652
0.009225128315,-0.0894752
0.009228461648,-0.0774587
0.009231794981,-0.0620409
0.009235128315,-0.0438956
0.009238461648,-0.0238159
0.009241794981,-0.00267967
0.009245128315,0.0185892
0.009248461648,0.039061
0.009251794981,0.0578408
0.009255128315,0.0741076
0.009258461648,0.0871506
0.009261794981,0.0963998
0.009265128315,0.101451
0.009268461648,0.102085
0.009271794981,0.0982723
0.009275128315,0.0901813
0.009278461648,0.0781654
0.009281794981,0.0627495
0.009285128315,0.0446073
0.009288461648,0.0245313
0.009291794981,0.00339865
0.009295128315,-0.0178674
0.009298461648,-0.0383375
0.009301794981,-0.057117
0.009305128315,-0.0733852
0.009308461648,-0.0864307
0.009311794981,-0.0956834
0.009315128315,-0.100739
0.009318461648,-0.101375
0.009321794981,-0.0975652
0.009325128315,-0.0894752
0.009328461648,-0.0774587
0.009331794981,-0.0620409
0.009335128315,-0.0438956
0.009338461648,-0.0238159
0.009341794981,-0.00267967
0.009345128315,0.0185892
0.009348461648,0.039061
0.009351794981,0.0578408
0.009355128315,0.0741076
0.009358461648,0.0871506
0.009361794981,0.0963998
0.009365128315,0.101451
0.009368461648,0.102085
0.009371794981,0.0982723
0.009375128315,0.0901813
0.009378461648,0.0781654
0.009381794981,0.0627495
0.009385128315,0.0446073
0.009388461648,0.0245313
0.009391794981,0.00339865
0.009395128315,-0.0178674
0.009398461648,-0.0383375
0.009401794981,-0.057117
0.009405128315,-0.0733852
0.009408461648,-0.0864307
0.009411794981,-0.0956834
0.009415128315,-0.100739
0.009418461648,-0.101375
0.009421794981,-0.0975652
0.009425128315,-0.0894752
0.009428461648,-0.0774587
0.009431794981,-0.0620409
0.009435128315,-0.0438956
0.009438461648,-0.0238159
0.009441794981,-0.00267967
0.009445128315,0.0185892
0.009448461648,0.039061
0.009451794981,0.0578408
0.009455128315,0.0741076
0.009458461648,0.0871506
0.009461794981,0.0963998
0.009465128315,0.101451
0.009468461648,0.102085
0.009471794981,0.0982723
0.009475128315,0.0901813
0.009478461648,0.0781654
0.009481794981,0.0627495
0.009485128315,0.0446073
0.009488461648,0.0245313
0.009491794981,0.00339865
0.009495128315,-0.0178674
0.009498461648,-0.0383375
0.009501794981,-0.057117
0.009505128315,-0.0733852
0.009508461648,-0.0864307
0.009511794981,-0.0956834
0.009515128315,-0.100739
0.009518461648,-0.101375
0.009521794981,-0.0975652
0.009525128315,-0.0894752
0.009528461648,-0.0774587
0.009531794981,-0.0620409
0.009535128315,-0.0438956
0.009538461648,-0.0238159
0.009541794981,-0.00267967
0.009545128315,0.0185892
0.009548461648,0.039061
0.009551794981,0.0578408
0.009555128315,0.0741076
0.009558461648,0.0871506
0.009561794981,0.0963998
0.009565128315,0.101451
0.009568461648,0.102085
0.009571794981,0.0982723
0.009575128315,0.0901813
0.009578461648,0.0781654
0.009581794981,0.0627495
0.009585128315,0.0446073
0.009588461648,0.0245313
0.009591794981,0.00339865
0.009595128315,-0.0178674
0.009598461648,-0.0383375
0.009601794981,-0.057117
0.009605128315,-0.0733852
0.009608461648,-0.0864307
0.009611794981,-0.0956834
0.009615128315,-0.100739
0.009618461648,-0.101375
0.009621794981,-0.0975652
0.009625128315,-0.0894752
0.009628461648,-0.0774587
0.009631794981,-0.0620409
0.009635128315,-0.0438956
0.009638461648,-0.0238159
0.009641794981,-0.00267967
0.009645128315,0.0185892
0.009648461648,0.039061
0.009651794981,0.0578408
0.009655128315,0.0741076
0.009658461648,0.0871506
0.009661794981,0.0963998
0.009665128315,0.101451
0.009668461648,0.102085
0.009671794981,0.0982723
0.009675128315,0.0901813
0.009678461648,0.0781654
0.009681794981,0.0627495
0.009685128315,0.0446073
0.009688461648,0.0245313
0.009691794981,0.00339865
0.009695128315,-0.0178674
0.009698461648,-0.0383375
0.009701794981,-0.057117
0.009705128315,-0.0733852
0.009708461648,-0.0864307
0.009711794981,-0.0956834
0.009715128315,-0.100739
0.009718461648,-0.101375
0.009721794981,-0.0975652
0.009725128315,-0.0894752
0.009728461648,-0.0774587
0.009731794981,-0.0620409
0.009735128315,-0.0438956
0.009738461648,-0.0238159
0.009741794981,-0.00267967
0.009745128315,0.0185892
0.009748461648,0.039061
0.009751794981,0.0578408
0.009755128315,0.0741076
0.009758461648,0.0871506
0.009761794981,0.0963998
0.009765128315,0.101451
0.009768461648,0.102085
0.009771794981,0.0982723
0.009775128315,0.0901813
0.009778461648,0.0781654
0.009781794981,0.0627495
0.009785128315,0.0446073
0.009788461648,0.0245313
0.009791794981,0.00339865
0.009795128315,-0.0178674
0.009798461648,-0.0383375
0.009801794981,-0.057117
0.009805128315,-0.0733852
0.009808461648,-0.0864307
0.009811794981,-0.0956834
0.009815128315,-0.100739
0.009818461648,-0.101375
0.009821794981,-0.0975652
0.009825128315,-0.0894752
0.009828461648,-0.0774587
0.009831794981,-0.0620409
0.009835128315,-0.0438956
0.009838461648,-0.0238159
0.009841794981,-0.00267967
0.009845128315,0.0185892
0.009848461648,0.039061
0.009851794981,0.0578408
0.009855128315,0.0741076
0.009858461648,0.0871506
0.009861794981,0.0963998
0.009865128315,0.101451
0.009868461648,0.102085
0.009871794981,0.0982723
0.009875128315,0.0901813
0.009878461648,0.0781654
0.009881794981,0.0627495
0.009885128315,0.0446073
0.009888461648,0.0245313
0.009891794981,0.00339865
0.009895128315,-0.0178674
0.009898461648,-0.0383375
0.009901794981,-0.057117
0.009905128315,-0.0733852
0.009908461648,-0.0864307
0.009911794981,-0.0956834
0.009915128315,-0.100739
0.009918461648,-0.101375
0.009921794981,-0.0975652
0.009925128315,-0.0894752
0.009928461648,-0.0774587
0.009931794981,-0.0620409
0.009935128315,-0.0438956
0.009938461648,-0.0238159
0.009941794981,-0.00267967
0.009945128315,0.0185892
0.009948461648,0.039061
0.009951794981,0.0578408
0.009955128315,0.0741076
0.009958461648,0.0871506
0.009961794981,0.0963998
0.009965128315,0.101451
0.009968461648,0.102085
0.009971794981,0.0982723
0.009975128315,0.0901813
0.009978461648,0.0781654
0.009981794981,0.0627495
0.009985128315,0.0446073
0.009988461648,0.0245313
0.009991794981,0.00339865
0.009995128315,-0.0178674
0.009998461648,-0.0383375
0.01,-0.0473335
